path,slug,title,date,expiryDate,publishDate,draft,permalink,kind,section
content/fr/blog/imagemagickScriptsRelease.md,,ImageMagick Scripts — Maintenant disponible sur GitHub,2026-03-04T10:00:00-04:00,0001-01-01T00:00:00Z,2026-03-04T10:00:00-04:00,false,https://marclaliberte.photos/blog/2026/03/04/imagemagickscriptsrelease/,page,blog
content/en/blog/imagemagickScriptsRelease.md,,ImageMagick Scripts — Now Available on GitHub,2026-03-04T10:00:00-04:00,0001-01-01T00:00:00Z,2026-03-04T10:00:00-04:00,false,https://marclaliberte.photos/en/blog/2026/03/04/imagemagickscriptsrelease/,page,blog
content/fr/blog/motherRockersValentinesDayPart2.md,,Deuxième partie pour le méchant party du show de Mother Rockers pour la St-Valentin Kinky au Sonum Fest,2026-03-02T19:38:35-05:00,0001-01-01T00:00:00Z,2026-03-02T19:38:35-05:00,false,https://marclaliberte.photos/blog/2026/03/02/motherrockersvalentinesdaypart2/,page,blog
content/en/blog/motherRockersValentinesDayPart2.md,,Part two of the wild party for the Mother Rockers show at the Kinky Valentines Day Sonum Fest,2026-03-02T19:38:35-05:00,0001-01-01T00:00:00Z,2026-03-02T19:38:35-05:00,false,https://marclaliberte.photos/en/blog/2026/03/02/motherrockersvalentinesdaypart2/,page,blog
content/fr/blog/motherRockersValentinesDayPart1.md,,Méchant party pour le show de Mother Rockers pour la St-Valentin Kinky au Sonum Fest,2026-03-01T09:35:01-05:00,0001-01-01T00:00:00Z,2026-03-01T09:35:01-05:00,false,https://marclaliberte.photos/blog/2026/03/01/motherrockersvalentinesdaypart1/,page,blog
content/en/blog/motherRockersValentinesDayPart1.md,,Wild party for the Mother Rockers show at the Kinky Valentines Day Sonum Fest,2026-03-01T09:35:01-05:00,0001-01-01T00:00:00Z,2026-03-01T09:35:01-05:00,false,https://marclaliberte.photos/en/blog/2026/03/01/motherrockersvalentinesdaypart1/,page,blog
content/fr/blog/kungFuHotlineLive.md,,Kung Fu Hotline en concert,2026-02-28T08:00:00-05:00,0001-01-01T00:00:00Z,2026-02-28T08:00:00-05:00,false,https://marclaliberte.photos/blog/2026/02/28/kungfuhotlinelive/,page,blog
content/en/blog/kungFuHotlineLive.md,,Kung Fu Hotline Live,2026-02-28T08:00:00-05:00,0001-01-01T00:00:00Z,2026-02-28T08:00:00-05:00,false,https://marclaliberte.photos/en/blog/2026/02/28/kungfuhotlinelive/,page,blog
content/fr/blog/butterButtButlerLive.md,,ButterButtButler en concert,2026-02-27T14:30:00-05:00,0001-01-01T00:00:00Z,2026-02-27T14:30:00-05:00,false,https://marclaliberte.photos/blog/2026/02/27/butterbuttbutlerlive/,page,blog
content/en/blog/butterButtButlerLive.md,,ButterButtButler Live,2026-02-27T14:30:00-05:00,0001-01-01T00:00:00Z,2026-02-27T14:30:00-05:00,false,https://marclaliberte.photos/en/blog/2026/02/27/butterbuttbutlerlive/,page,blog
content/fr/blog/mayagreenset.md,,De la pose à l'éclat de rire,2025-12-08T09:13:36-05:00,0001-01-01T00:00:00Z,2025-12-08T09:13:36-05:00,false,https://marclaliberte.photos/blog/2025/12/08/mayagreenset/,page,blog
content/en/blog/mayagreenset.md,,From posing to bursting into laughter,2025-12-08T09:13:36-05:00,0001-01-01T00:00:00Z,2025-12-08T09:13:36-05:00,false,https://marclaliberte.photos/en/blog/2025/12/08/mayagreenset/,page,blog
content/en/blog/lighthouseInspiredStyle.md,,A style inspired by The Lighthouse,2025-11-02T17:23:35-05:00,0001-01-01T00:00:00Z,2025-11-02T17:23:35-05:00,false,https://marclaliberte.photos/en/blog/2025/11/02/lighthouseinspiredstyle/,page,blog
content/fr/blog/lighthouseInspiredStyle.md,,Un style inspiré de The Lighthouse,2025-11-02T17:23:35-05:00,0001-01-01T00:00:00Z,2025-11-02T17:23:35-05:00,false,https://marclaliberte.photos/blog/2025/11/02/lighthouseinspiredstyle/,page,blog
content/fr/blog/jardinBotaniqueRogerVandenHende.md,,Jardin Botanique Roger-Van den Hende,2025-11-01T12:27:10-04:00,0001-01-01T00:00:00Z,2025-11-01T12:27:10-04:00,false,https://marclaliberte.photos/blog/2025/11/01/jardinbotaniquerogervandenhende/,page,blog
content/en/blog/jardinBotaniqueRogerVandenHende.md,,Roger-Van den Hende Botanical Garden,2025-11-01T12:27:10-04:00,0001-01-01T00:00:00Z,2025-11-01T12:27:10-04:00,false,https://marclaliberte.photos/en/blog/2025/11/01/jardinbotaniquerogervandenhende/,page,blog
content/fr/blog/ebjmDanse.md,,EBJM Danse,2025-10-30T12:30:01-04:00,0001-01-01T00:00:00Z,2025-10-30T12:30:01-04:00,false,https://marclaliberte.photos/blog/2025/10/30/ebjmdanse/,page,blog
content/en/blog/ebjmDanse.md,,EBJM Danse,2025-10-30T12:30:01-04:00,0001-01-01T00:00:00Z,2025-10-30T12:30:01-04:00,false,https://marclaliberte.photos/en/blog/2025/10/30/ebjmdanse/,page,blog
content/en/blog/bingo.md,,An evening at bingo,2025-10-29T12:08:29-04:00,0001-01-01T00:00:00Z,2025-10-29T12:08:29-04:00,false,https://marclaliberte.photos/en/blog/2025/10/29/bingo/,page,blog
content/fr/blog/bingo.md,,Une soirée au bingo,2025-10-29T12:08:29-04:00,0001-01-01T00:00:00Z,2025-10-29T12:08:29-04:00,false,https://marclaliberte.photos/blog/2025/10/29/bingo/,page,blog
content/fr/blog/krista.md,,Hommage à Krista Shipperbottom,2025-10-29T11:31:10-04:00,0001-01-01T00:00:00Z,2025-10-29T11:31:10-04:00,false,https://marclaliberte.photos/blog/2025/10/29/krista/,page,blog
content/en/blog/krista.md,,Tribute to Krista Shipperbottom,2025-10-29T11:31:10-04:00,0001-01-01T00:00:00Z,2025-10-29T11:31:10-04:00,false,https://marclaliberte.photos/en/blog/2025/10/29/krista/,page,blog
content/fr/blog/prohibition.md,,Prohibition5,2025-10-29T11:14:01-04:00,0001-01-01T00:00:00Z,2025-10-29T11:14:01-04:00,false,https://marclaliberte.photos/blog/2025/10/29/prohibition/,page,blog
content/en/blog/prohibition.md,,Prohibition5,2025-10-29T11:14:01-04:00,0001-01-01T00:00:00Z,2025-10-29T11:14:01-04:00,false,https://marclaliberte.photos/en/blog/2025/10/29/prohibition/,page,blog
content/en/blog/goldfinch.md,,American Goldfinch,2025-10-28T14:06:32-04:00,0001-01-01T00:00:00Z,2025-10-28T14:06:32-04:00,false,https://marclaliberte.photos/en/blog/2025/10/28/goldfinch/,page,blog
content/fr/blog/goldfinch.md,,Chardonneret jaune,2025-10-28T14:06:32-04:00,0001-01-01T00:00:00Z,2025-10-28T14:06:32-04:00,false,https://marclaliberte.photos/blog/2025/10/28/goldfinch/,page,blog
content/fr/blog/simonNaturalLight.md,,Simon en lumière naturelle,2025-10-28T12:18:18-04:00,0001-01-01T00:00:00Z,2025-10-28T12:18:18-04:00,false,https://marclaliberte.photos/blog/2025/10/28/simonnaturallight/,page,blog
content/en/blog/simonNaturalLight.md,,Simon in natural light,2025-10-28T12:18:18-04:00,0001-01-01T00:00:00Z,2025-10-28T12:18:18-04:00,false,https://marclaliberte.photos/en/blog/2025/10/28/simonnaturallight/,page,blog
content/fr/blog/simonPortraits.md,,Portraits de Simon Gagnon,2025-10-28T11:39:58-04:00,0001-01-01T00:00:00Z,2025-10-28T11:39:58-04:00,false,https://marclaliberte.photos/blog/2025/10/28/simonportraits/,page,blog
content/en/blog/simonPortraits.md,,Portraits of Simon Gagnon,2025-10-28T11:39:58-04:00,0001-01-01T00:00:00Z,2025-10-28T11:39:58-04:00,false,https://marclaliberte.photos/en/blog/2025/10/28/simonportraits/,page,blog
content/fr/blog/chicken.md,,Dinosaure moderne,2025-10-27T08:39:53-04:00,0001-01-01T00:00:00Z,2025-10-27T08:39:53-04:00,false,https://marclaliberte.photos/blog/2025/10/27/chicken/,page,blog
content/en/blog/chicken.md,,Dinosaure moderne,2025-10-27T08:39:53-04:00,0001-01-01T00:00:00Z,2025-10-27T08:39:53-04:00,false,https://marclaliberte.photos/en/blog/2025/10/27/chicken/,page,blog
content/en/blog/womenFourGenerations.md,,Four generations of women,2025-10-27T08:03:45-04:00,0001-01-01T00:00:00Z,2025-10-27T08:03:45-04:00,false,https://marclaliberte.photos/en/blog/2025/10/27/womenfourgenerations/,page,blog
content/fr/blog/womenFourGenerations.md,,Quatre générations de femmes,2025-10-27T08:03:45-04:00,0001-01-01T00:00:00Z,2025-10-27T08:03:45-04:00,false,https://marclaliberte.photos/blog/2025/10/27/womenfourgenerations/,page,blog
content/fr/blog/simonShadow.md,,Simon et son ombre,2025-10-26T11:15:58-04:00,0001-01-01T00:00:00Z,2025-10-26T11:15:58-04:00,false,https://marclaliberte.photos/blog/2025/10/26/simonshadow/,page,blog
content/en/blog/simonShadow.md,,Simon and his shadow,2025-10-26T11:15:57-04:00,0001-01-01T00:00:00Z,2025-10-26T11:15:57-04:00,false,https://marclaliberte.photos/en/blog/2025/10/26/simonshadow/,page,blog
content/en/blog/groundhog3.md,,Dangerous groundhog,2025-10-25T10:34:45-04:00,0001-01-01T00:00:00Z,2025-10-25T10:34:45-04:00,false,https://marclaliberte.photos/en/blog/2025/10/25/groundhog3/,page,blog
content/fr/blog/groundhog3.md,,Marmotte dangereuse,2025-10-25T10:34:45-04:00,0001-01-01T00:00:00Z,2025-10-25T10:34:45-04:00,false,https://marclaliberte.photos/blog/2025/10/25/groundhog3/,page,blog
content/fr/blog/toad.md,,Portrait de crapaud,2025-10-24T11:49:43-04:00,0001-01-01T00:00:00Z,2025-10-24T11:49:43-04:00,false,https://marclaliberte.photos/blog/2025/10/24/toad/,page,blog
content/en/blog/toad.md,,Toad portrait,2025-10-24T11:49:43-04:00,0001-01-01T00:00:00Z,2025-10-24T11:49:43-04:00,false,https://marclaliberte.photos/en/blog/2025/10/24/toad/,page,blog
content/fr/blog/blackbackedgull.md,,Goéland marin penseur,2025-10-23T10:53:07-04:00,0001-01-01T00:00:00Z,2025-10-23T10:53:07-04:00,false,https://marclaliberte.photos/blog/2025/10/23/blackbackedgull/,page,blog
content/en/blog/blackbackedgull.md,,Thinking Black-backed Gull,2025-10-23T10:53:07-04:00,0001-01-01T00:00:00Z,2025-10-23T10:53:07-04:00,false,https://marclaliberte.photos/en/blog/2025/10/23/blackbackedgull/,page,blog
content/fr/blog/butterbuttbutler.md,,Butterbuttbutler,2025-10-08T12:03:00-04:00,0001-01-01T00:00:00Z,2025-10-08T12:03:00-04:00,false,https://marclaliberte.photos/blog/2025/10/08/butterbuttbutler/,page,blog
content/en/blog/butterbuttbutler.md,,Butterbuttbutler,2025-10-08T12:03:00-04:00,0001-01-01T00:00:00Z,2025-10-08T12:03:00-04:00,false,https://marclaliberte.photos/en/blog/2025/10/08/butterbuttbutler/,page,blog
content/en/blog/phoebe2.md,,Eastern Phoebe catches its meal,2025-07-30T11:01:37-04:00,0001-01-01T00:00:00Z,2025-07-30T11:01:37-04:00,false,https://marclaliberte.photos/en/blog/2025/07/30/phoebe2/,page,blog
content/fr/blog/phoebe2.md,,Moucherolle phébi attrape son repas,2025-07-30T11:01:37-04:00,0001-01-01T00:00:00Z,2025-07-30T11:01:37-04:00,false,https://marclaliberte.photos/blog/2025/07/30/phoebe2/,page,blog
content/fr/blog/hiddenSparrow.md,,Moineau furtif,2025-07-22T10:25:18-04:00,0001-01-01T00:00:00Z,2025-07-22T10:25:18-04:00,false,https://marclaliberte.photos/blog/2025/07/22/hiddensparrow/,page,blog
content/en/blog/hiddenSparrow.md,,Stealthy Sparrow,2025-07-22T10:25:18-04:00,0001-01-01T00:00:00Z,2025-07-22T10:25:18-04:00,false,https://marclaliberte.photos/en/blog/2025/07/22/hiddensparrow/,page,blog
content/fr/blog/thatItLawyer.md,,That IT Lawyer,2025-07-14T11:46:56-04:00,0001-01-01T00:00:00Z,2025-07-14T11:46:56-04:00,false,https://marclaliberte.photos/blog/2025/07/14/thatitlawyer/,page,blog
content/en/blog/thatItLawyer.md,,That IT Lawyer,2025-07-14T11:46:56-04:00,0001-01-01T00:00:00Z,2025-07-14T11:46:56-04:00,false,https://marclaliberte.photos/en/blog/2025/07/14/thatitlawyer/,page,blog
content/fr/blog/texturedRestoration.md,,AVANT/APRÈS,2025-07-13T10:06:10-04:00,0001-01-01T00:00:00Z,2025-07-13T10:06:10-04:00,false,https://marclaliberte.photos/blog/2025/07/13/texturedrestoration/,page,blog
content/en/blog/texturedRestoration.md,,BEFORE/AFTER,2025-07-13T10:06:10-04:00,0001-01-01T00:00:00Z,2025-07-13T10:06:10-04:00,false,https://marclaliberte.photos/en/blog/2025/07/13/texturedrestoration/,page,blog
content/fr/blog/LRMogrifyManualFix.md,,Solution de contournement pour un plugin Lightroom,2025-07-08T11:07:29-04:00,0001-01-01T00:00:00Z,2025-07-08T11:07:29-04:00,false,https://marclaliberte.photos/blog/2025/07/08/lrmogrifymanualfix/,page,blog
content/en/blog/LRMogrifyManualFix.md,,Workaround for a Lightroom Plugin,2025-07-08T11:07:29-04:00,0001-01-01T00:00:00Z,2025-07-08T11:07:29-04:00,false,https://marclaliberte.photos/en/blog/2025/07/08/lrmogrifymanualfix/,page,blog
content/en/blog/robin.md,,American Robin,2025-06-25T09:49:23-04:00,0001-01-01T00:00:00Z,2025-06-25T09:49:23-04:00,false,https://marclaliberte.photos/en/blog/2025/06/25/robin/,page,blog
content/fr/blog/robin.md,,Merle d'Amérique,2025-06-25T09:49:23-04:00,0001-01-01T00:00:00Z,2025-06-25T09:49:23-04:00,false,https://marclaliberte.photos/blog/2025/06/25/robin/,page,blog
content/en/blog/redSquirrel.md,,Dramatic american red squirrel,2025-06-20T10:22:08-04:00,0001-01-01T00:00:00Z,2025-06-20T10:22:08-04:00,false,https://marclaliberte.photos/en/blog/2025/06/20/redsquirrel/,page,blog
content/fr/blog/redSquirrel.md,,Écureuil roux dramatique,2025-06-20T10:22:08-04:00,0001-01-01T00:00:00Z,2025-06-20T10:22:08-04:00,false,https://marclaliberte.photos/blog/2025/06/20/redsquirrel/,page,blog
content/fr/blog/alanTuringRestored.md,,Alan Turing en Couleurs,2025-06-19T12:42:35-04:00,0001-01-01T00:00:00Z,2025-06-19T12:42:35-04:00,false,https://marclaliberte.photos/blog/2025/06/19/alanturingrestored/,page,blog
content/en/blog/alanTuringRestored.md,,Alan Turing in color,2025-06-19T12:42:35-04:00,0001-01-01T00:00:00Z,2025-06-19T12:42:35-04:00,false,https://marclaliberte.photos/en/blog/2025/06/19/alanturingrestored/,page,blog
content/fr/blog/wildlifeStore.md,,Collection Animalière en boutique,2025-06-18T11:54:33-04:00,0001-01-01T00:00:00Z,2025-06-18T11:54:33-04:00,false,https://marclaliberte.photos/blog/2025/06/18/wildlifestore/,page,blog
content/en/blog/wildlifeStore.md,,Wildlife Collection in store,2025-06-18T11:54:33-04:00,0001-01-01T00:00:00Z,2025-06-18T11:54:33-04:00,false,https://marclaliberte.photos/en/blog/2025/06/18/wildlifestore/,page,blog
content/fr/blog/kitesurf.md,,Kitesurf,2025-06-17T10:06:10-04:00,0001-01-01T00:00:00Z,2025-06-17T10:06:10-04:00,false,https://marclaliberte.photos/blog/2025/06/17/kitesurf/,page,blog
content/en/blog/kitesurf.md,,Kitesurf,2025-06-17T10:06:10-04:00,0001-01-01T00:00:00Z,2025-06-17T10:06:10-04:00,false,https://marclaliberte.photos/en/blog/2025/06/17/kitesurf/,page,blog
content/en/blog/dontshootthegeese.md,,Dont shoot the geese,2025-06-16T14:08:14-04:00,0001-01-01T00:00:00Z,2025-06-16T14:08:14-04:00,false,https://marclaliberte.photos/en/blog/2025/06/16/dontshootthegeese/,page,blog
content/fr/blog/dontshootthegeese.md,,Ne tirez pas sur les oies!,2025-06-16T14:08:14-04:00,0001-01-01T00:00:00Z,2025-06-16T14:08:14-04:00,false,https://marclaliberte.photos/blog/2025/06/16/dontshootthegeese/,page,blog
content/fr/blog/sunset2.md,,Coucher de Soleil à Cap-Chat,2025-06-13T08:16:43-04:00,0001-01-01T00:00:00Z,2025-06-13T08:16:43-04:00,false,https://marclaliberte.photos/blog/2025/06/13/sunset2/,page,blog
content/en/blog/sunset2.md,,Sunset in Cap-Chat,2025-06-13T08:16:43-04:00,0001-01-01T00:00:00Z,2025-06-13T08:16:43-04:00,false,https://marclaliberte.photos/en/blog/2025/06/13/sunset2/,page,blog
content/fr/blog/early20thcenturyRestoration.md,,Femmes dans les années 1900,2025-06-12T10:19:03-04:00,0001-01-01T00:00:00Z,2025-06-12T10:19:03-04:00,false,https://marclaliberte.photos/blog/2025/06/12/early20thcenturyrestoration/,page,blog
content/en/blog/early20thcenturyRestoration.md,,Ladies in the 1900s,2025-06-12T10:19:03-04:00,0001-01-01T00:00:00Z,2025-06-12T10:19:03-04:00,false,https://marclaliberte.photos/en/blog/2025/06/12/early20thcenturyrestoration/,page,blog
content/fr/blog/cormorant2.md,,Cormorans,2025-06-11T10:35:02-04:00,0001-01-01T00:00:00Z,2025-06-11T10:35:02-04:00,false,https://marclaliberte.photos/blog/2025/06/11/cormorant2/,page,blog
content/en/blog/cormorant2.md,,Cormorants,2025-06-11T10:35:02-04:00,0001-01-01T00:00:00Z,2025-06-11T10:35:02-04:00,false,https://marclaliberte.photos/en/blog/2025/06/11/cormorant2/,page,blog
content/en/blog/smokeLandscape.md,,Maritime landscape in smoke,2025-06-09T08:55:32-04:00,0001-01-01T00:00:00Z,2025-06-09T08:55:32-04:00,false,https://marclaliberte.photos/en/blog/2025/06/09/smokelandscape/,page,blog
content/fr/blog/smokeLandscape.md,,Paysage maritime en fumée,2025-06-09T08:55:32-04:00,0001-01-01T00:00:00Z,2025-06-09T08:55:32-04:00,false,https://marclaliberte.photos/blog/2025/06/09/smokelandscape/,page,blog
content/fr/blog/ladyFarmLandRestoration.md,,Dame à la ferme,2025-06-04T16:19:03-04:00,0001-01-01T00:00:00Z,2025-06-04T16:19:03-04:00,false,https://marclaliberte.photos/blog/2025/06/04/ladyfarmlandrestoration/,page,blog
content/en/blog/ladyFarmLandRestoration.md,,Lady at the farm,2025-06-04T16:19:03-04:00,0001-01-01T00:00:00Z,2025-06-04T16:19:03-04:00,false,https://marclaliberte.photos/en/blog/2025/06/04/ladyfarmlandrestoration/,page,blog
content/fr/blog/sandpipers.md,,Chevalier solitaire,2025-06-04T10:06:06-04:00,0001-01-01T00:00:00Z,2025-06-04T10:06:06-04:00,false,https://marclaliberte.photos/blog/2025/06/04/sandpipers/,page,blog
content/en/blog/sandpipers.md,,Solitary Sandpiper,2025-06-04T10:06:06-04:00,0001-01-01T00:00:00Z,2025-06-04T10:06:06-04:00,false,https://marclaliberte.photos/en/blog/2025/06/04/sandpipers/,page,blog
content/fr/blog/sunset.md,,Coucher de Soleil,2025-06-03T11:16:43-04:00,0001-01-01T00:00:00Z,2025-06-03T11:16:43-04:00,false,https://marclaliberte.photos/blog/2025/06/03/sunset/,page,blog
content/en/blog/sunset.md,,Sunset,2025-06-03T11:16:43-04:00,0001-01-01T00:00:00Z,2025-06-03T11:16:43-04:00,false,https://marclaliberte.photos/en/blog/2025/06/03/sunset/,page,blog
content/en/blog/ribbonSnake.md,,Common garter snake,2025-06-02T08:36:08-04:00,0001-01-01T00:00:00Z,2025-06-02T08:36:08-04:00,false,https://marclaliberte.photos/en/blog/2025/06/02/ribbonsnake/,page,blog
content/fr/blog/ribbonSnake.md,,Couleuvre rayée,2025-06-02T08:36:08-04:00,0001-01-01T00:00:00Z,2025-06-02T08:36:08-04:00,false,https://marclaliberte.photos/blog/2025/06/02/ribbonsnake/,page,blog
content/fr/blog/chevyMaster.md,,Chevy Master,2025-05-31T11:25:17-04:00,0001-01-01T00:00:00Z,2025-05-31T11:25:17-04:00,false,https://marclaliberte.photos/blog/2025/05/31/chevymaster/,page,blog
content/en/blog/chevyMaster.md,,Chevy Master,2025-05-31T11:25:17-04:00,0001-01-01T00:00:00Z,2025-05-31T11:25:17-04:00,false,https://marclaliberte.photos/en/blog/2025/05/31/chevymaster/,page,blog
content/en/blog/cedarWaxwing2.md,,Cedar waxwing,2025-05-30T10:23:40-04:00,0001-01-01T00:00:00Z,2025-05-30T10:23:40-04:00,false,https://marclaliberte.photos/en/blog/2025/05/30/cedarwaxwing2/,page,blog
content/fr/blog/cedarWaxwing2.md,,Jaseur boréal,2025-05-30T10:23:40-04:00,0001-01-01T00:00:00Z,2025-05-30T10:23:40-04:00,false,https://marclaliberte.photos/blog/2025/05/30/cedarwaxwing2/,page,blog
content/en/blog/colorization.md,,A Wedding in Color,2025-05-29T09:38:07-04:00,0001-01-01T00:00:00Z,2025-05-29T09:38:07-04:00,false,https://marclaliberte.photos/en/blog/2025/05/29/colorization/,page,blog
content/fr/blog/colorization.md,,Un mariage en couleur,2025-05-29T09:38:07-04:00,0001-01-01T00:00:00Z,2025-05-29T09:38:07-04:00,false,https://marclaliberte.photos/blog/2025/05/29/colorization/,page,blog
content/fr/blog/smilingSquirrel.md,,Écureuil souriant,2025-05-28T07:59:24-04:00,0001-01-01T00:00:00Z,2025-05-28T07:59:24-04:00,false,https://marclaliberte.photos/blog/2025/05/28/smilingsquirrel/,page,blog
content/en/blog/smilingSquirrel.md,,Smiling squirrel,2025-05-28T07:59:24-04:00,0001-01-01T00:00:00Z,2025-05-28T07:59:24-04:00,false,https://marclaliberte.photos/en/blog/2025/05/28/smilingsquirrel/,page,blog
content/en/blog/phoebe.md,,Eastern Phoebe,2025-05-26T08:59:27-04:00,0001-01-01T00:00:00Z,2025-05-26T08:59:27-04:00,false,https://marclaliberte.photos/en/blog/2025/05/26/phoebe/,page,blog
content/fr/blog/phoebe.md,,Moucherolle phébi,2025-05-26T08:59:27-04:00,0001-01-01T00:00:00Z,2025-05-26T08:59:27-04:00,false,https://marclaliberte.photos/blog/2025/05/26/phoebe/,page,blog
content/fr/blog/rainyDay.md,,Journée pluvieuse à la chute,2025-05-25T10:57:44-04:00,0001-01-01T00:00:00Z,2025-05-25T10:57:44-04:00,false,https://marclaliberte.photos/blog/2025/05/25/rainyday/,page,blog
content/en/blog/rainyDay.md,,Rainy day at the fall,2025-05-25T10:57:44-04:00,0001-01-01T00:00:00Z,2025-05-25T10:57:44-04:00,false,https://marclaliberte.photos/en/blog/2025/05/25/rainyday/,page,blog
content/en/blog/redstart.md,,American redstart,2025-05-23T08:11:47-04:00,0001-01-01T00:00:00Z,2025-05-23T08:11:47-04:00,false,https://marclaliberte.photos/en/blog/2025/05/23/redstart/,page,blog
content/fr/blog/redstart.md,,Paruline Flamboyante,2025-05-23T08:11:47-04:00,0001-01-01T00:00:00Z,2025-05-23T08:11:47-04:00,false,https://marclaliberte.photos/blog/2025/05/23/redstart/,page,blog
content/en/blog/blueBird.md,,Eastern BlueBird,2025-05-21T08:25:26-04:00,0001-01-01T00:00:00Z,2025-05-21T08:25:26-04:00,false,https://marclaliberte.photos/en/blog/2025/05/21/bluebird/,page,blog
content/fr/blog/blueBird.md,,Merlebleu,2025-05-21T08:25:26-04:00,0001-01-01T00:00:00Z,2025-05-21T08:25:26-04:00,false,https://marclaliberte.photos/blog/2025/05/21/bluebird/,page,blog
content/en/blog/pigeons.md,,Pigeons,2025-05-19T16:26:00-04:00,0001-01-01T00:00:00Z,2025-05-19T16:26:00-04:00,false,https://marclaliberte.photos/en/blog/2025/05/19/pigeons/,page,blog
content/fr/blog/pigeons.md,,Pigeons,2025-05-19T16:25:49-04:00,0001-01-01T00:00:00Z,2025-05-19T16:25:49-04:00,false,https://marclaliberte.photos/blog/2025/05/19/pigeons/,page,blog
content/en/blog/woodpecker.md,,Downy woodpecker,2025-05-16T14:06:54-04:00,0001-01-01T00:00:00Z,2025-05-16T14:06:54-04:00,false,https://marclaliberte.photos/en/blog/2025/05/16/woodpecker/,page,blog
content/fr/blog/woodpecker.md,,Pic nain,2025-05-16T14:06:54-04:00,0001-01-01T00:00:00Z,2025-05-16T14:06:54-04:00,false,https://marclaliberte.photos/blog/2025/05/16/woodpecker/,page,blog
content/en/blog/restoration.md,,Photo Restoration,2025-05-15T13:16:14-04:00,0001-01-01T00:00:00Z,2025-05-15T13:16:14-04:00,false,https://marclaliberte.photos/en/blog/2025/05/15/restoration/,page,blog
content/fr/blog/restoration.md,,Restauration de photos,2025-05-15T13:16:14-04:00,0001-01-01T00:00:00Z,2025-05-15T13:16:14-04:00,false,https://marclaliberte.photos/blog/2025/05/15/restoration/,page,blog
content/fr/blog/mallards.md,,Canard Colvert,2025-05-14T11:19:03-04:00,0001-01-01T00:00:00Z,2025-05-14T11:19:03-04:00,false,https://marclaliberte.photos/blog/2025/05/14/mallards/,page,blog
content/en/blog/mallards.md,,Mallard,2025-05-14T11:19:03-04:00,0001-01-01T00:00:00Z,2025-05-14T11:19:03-04:00,false,https://marclaliberte.photos/en/blog/2025/05/14/mallards/,page,blog
content/en/blog/ruins2.md,,Montmills Ruins,2025-05-12T14:05:05-04:00,0001-01-01T00:00:00Z,2025-05-12T14:05:05-04:00,false,https://marclaliberte.photos/en/blog/2025/05/12/ruins2/,page,blog
content/fr/blog/ruins2.md,,Ruines de Montmills,2025-05-12T14:05:05-04:00,0001-01-01T00:00:00Z,2025-05-12T14:05:05-04:00,false,https://marclaliberte.photos/blog/2025/05/12/ruins2/,page,blog
content/en/blog/squirrel.md,,Chubby squirrel,2025-05-09T08:51:21-04:00,0001-01-01T00:00:00Z,2025-05-09T08:51:21-04:00,false,https://marclaliberte.photos/en/blog/2025/05/09/squirrel/,page,blog
content/fr/blog/squirrel.md,,Écureuil potelé,2025-05-09T08:51:21-04:00,0001-01-01T00:00:00Z,2025-05-09T08:51:21-04:00,false,https://marclaliberte.photos/blog/2025/05/09/squirrel/,page,blog
content/fr/blog/blackbird2.md,,Carouge à épaulettes,2025-05-07T09:25:13-04:00,0001-01-01T00:00:00Z,2025-05-07T09:25:13-04:00,false,https://marclaliberte.photos/blog/2025/05/07/blackbird2/,page,blog
content/en/blog/blackbird2.md,,Red-winged Blackbird,2025-05-07T09:25:13-04:00,0001-01-01T00:00:00Z,2025-05-07T09:25:13-04:00,false,https://marclaliberte.photos/en/blog/2025/05/07/blackbird2/,page,blog
content/fr/blog/cormorant.md,,Cormoran à aigrettes,2025-05-05T14:02:49-04:00,0001-01-01T00:00:00Z,2025-05-05T14:02:49-04:00,false,https://marclaliberte.photos/blog/2025/05/05/cormorant/,page,blog
content/en/blog/cormorant.md,,Double-crested cormorant,2025-05-05T14:02:49-04:00,0001-01-01T00:00:00Z,2025-05-05T14:02:49-04:00,false,https://marclaliberte.photos/en/blog/2025/05/05/cormorant/,page,blog
content/en/blog/ruins1.md,,Petite Chute Ruins,2025-05-03T10:06:36-04:00,0001-01-01T00:00:00Z,2025-05-03T10:06:36-04:00,false,https://marclaliberte.photos/en/blog/2025/05/03/ruins1/,page,blog
content/fr/blog/ruins1.md,,Ruines de la Petite Chute,2025-05-03T10:06:36-04:00,0001-01-01T00:00:00Z,2025-05-03T10:06:36-04:00,false,https://marclaliberte.photos/blog/2025/05/03/ruins1/,page,blog
content/fr/blog/groundhog2.md,,Jolie marmotte,2025-05-01T09:09:37-04:00,0001-01-01T00:00:00Z,2025-05-01T09:09:37-04:00,false,https://marclaliberte.photos/blog/2025/05/01/groundhog2/,page,blog
content/en/blog/groundhog2.md,,Pretty marmot,2025-05-01T09:09:37-04:00,0001-01-01T00:00:00Z,2025-05-01T09:09:37-04:00,false,https://marclaliberte.photos/en/blog/2025/05/01/groundhog2/,page,blog
content/en/blog/urubuateterouge.md,,Turkey Vulture,2025-04-29T10:15:50-04:00,0001-01-01T00:00:00Z,2025-04-29T10:15:50-04:00,false,https://marclaliberte.photos/en/blog/2025/04/29/urubuateterouge/,page,blog
content/fr/blog/urubuateterouge.md,,Urubu à tête rouge,2025-04-29T10:15:50-04:00,0001-01-01T00:00:00Z,2025-04-29T10:15:50-04:00,false,https://marclaliberte.photos/blog/2025/04/29/urubuateterouge/,page,blog
content/en/blog/bateauDeNuitMotherRockers.md,,The Mother Rockers at Bateau de Nuit,2025-04-26T10:03:52-04:00,0001-01-01T00:00:00Z,2025-04-26T10:03:52-04:00,false,https://marclaliberte.photos/en/blog/2025/04/26/bateaudenuitmotherrockers/,page,blog
content/fr/blog/bateauDeNuitMotherRockers.md,,The Mother Rockers au Bateau de Nuit,2025-04-26T10:03:52-04:00,0001-01-01T00:00:00Z,2025-04-26T10:03:52-04:00,false,https://marclaliberte.photos/blog/2025/04/26/bateaudenuitmotherrockers/,page,blog
content/fr/blog/savkaDesign.md,,Savka Design,2025-04-26T10:00:53-04:00,0001-01-01T00:00:00Z,2025-04-26T10:00:53-04:00,false,https://marclaliberte.photos/blog/2025/04/26/savkadesign/,page,blog
content/en/blog/savkaDesign.md,,Savka Design,2025-04-26T10:00:53-04:00,0001-01-01T00:00:00Z,2025-04-26T10:00:53-04:00,false,https://marclaliberte.photos/en/blog/2025/04/26/savkadesign/,page,blog
content/en/blog/bateauDeNuitTenaCiousLee.md,,Tenacious Lee at Bateau de Nuit,2025-04-26T09:55:50-04:00,0001-01-01T00:00:00Z,2025-04-26T09:55:50-04:00,false,https://marclaliberte.photos/en/blog/2025/04/26/bateaudenuittenaciouslee/,page,blog
content/fr/blog/bateauDeNuitTenaCiousLee.md,,Tenacious Lee au Bateau de Nuit,2025-04-26T09:55:50-04:00,0001-01-01T00:00:00Z,2025-04-26T09:55:50-04:00,false,https://marclaliberte.photos/blog/2025/04/26/bateaudenuittenaciouslee/,page,blog
content/fr/blog/songSparrow.md,,Bruant Chanteur,2025-04-25T12:45:51-04:00,0001-01-01T00:00:00Z,2025-04-25T12:45:51-04:00,false,https://marclaliberte.photos/blog/2025/04/25/songsparrow/,page,blog
content/en/blog/songSparrow.md,,Song Sparrow,2025-04-25T12:45:51-04:00,0001-01-01T00:00:00Z,2025-04-25T12:45:51-04:00,false,https://marclaliberte.photos/en/blog/2025/04/25/songsparrow/,page,blog
content/en/blog/commonGrackle.md,,Common Grackle,2025-04-24T09:22:42-04:00,0001-01-01T00:00:00Z,2025-04-24T09:22:42-04:00,false,https://marclaliberte.photos/en/blog/2025/04/24/commongrackle/,page,blog
content/fr/blog/commonGrackle.md,,Quiscale bronzé,2025-04-24T09:22:42-04:00,0001-01-01T00:00:00Z,2025-04-24T09:22:42-04:00,false,https://marclaliberte.photos/blog/2025/04/24/commongrackle/,page,blog
content/fr/blog/hauntedmanor.md,,Manoir Montmorency,2025-04-23T09:09:25-04:00,0001-01-01T00:00:00Z,2025-04-23T09:09:25-04:00,false,https://marclaliberte.photos/blog/2025/04/23/hauntedmanor/,page,blog
content/en/blog/hauntedmanor.md,,Manoir Montmorency,2025-04-23T09:09:25-04:00,0001-01-01T00:00:00Z,2025-04-23T09:09:25-04:00,false,https://marclaliberte.photos/en/blog/2025/04/23/hauntedmanor/,page,blog
content/en/blog/groundhog.md,,Groundhog,2025-04-21T08:46:32-04:00,0001-01-01T00:00:00Z,2025-04-21T08:46:32-04:00,false,https://marclaliberte.photos/en/blog/2025/04/21/groundhog/,page,blog
content/fr/blog/groundhog.md,,Marmotte,2025-04-21T08:46:32-04:00,0001-01-01T00:00:00Z,2025-04-21T08:46:32-04:00,false,https://marclaliberte.photos/blog/2025/04/21/groundhog/,page,blog
content/fr/blog/montstanne.md,,Mont-Sainte-Anne,2025-04-19T10:46:56-04:00,0001-01-01T00:00:00Z,2025-04-19T10:46:56-04:00,false,https://marclaliberte.photos/blog/2025/04/19/montstanne/,page,blog
content/en/blog/montstanne.md,,Mont-Sainte-Anne,2025-04-19T10:46:56-04:00,0001-01-01T00:00:00Z,2025-04-19T10:46:56-04:00,false,https://marclaliberte.photos/en/blog/2025/04/19/montstanne/,page,blog
content/fr/blog/canadaGoose.md,,Bernache du Canada,2025-04-15T10:31:12-04:00,0001-01-01T00:00:00Z,2025-04-15T10:31:12-04:00,false,https://marclaliberte.photos/blog/2025/04/15/canadagoose/,page,blog
content/en/blog/canadaGoose.md,,Canada goose,2025-04-15T10:31:12-04:00,0001-01-01T00:00:00Z,2025-04-15T10:31:12-04:00,false,https://marclaliberte.photos/en/blog/2025/04/15/canadagoose/,page,blog
content/fr/blog/snowGoose.md,,Oie des neiges,2025-04-13T10:32:04-04:00,0001-01-01T00:00:00Z,2025-04-13T10:32:04-04:00,false,https://marclaliberte.photos/blog/2025/04/13/snowgoose/,page,blog
content/en/blog/snowGoose.md,,Snow Goose,2025-04-13T10:32:04-04:00,0001-01-01T00:00:00Z,2025-04-13T10:32:04-04:00,false,https://marclaliberte.photos/en/blog/2025/04/13/snowgoose/,page,blog
content/en/blog/cedarWaxwing.md,,Bohemian Waxwings,2025-04-11T10:44:21-04:00,0001-01-01T00:00:00Z,2025-04-11T10:44:21-04:00,false,https://marclaliberte.photos/en/blog/2025/04/11/cedarwaxwing/,page,blog
content/fr/blog/cedarWaxwing.md,,Jaseurs Boréal,2025-04-11T10:44:21-04:00,0001-01-01T00:00:00Z,2025-04-11T10:44:21-04:00,false,https://marclaliberte.photos/blog/2025/04/11/cedarwaxwing/,page,blog
content/fr/blog/blackbird.md,,Carouge à épaulettes,2025-04-05T13:30:23-04:00,0001-01-01T00:00:00Z,2025-04-05T13:30:23-04:00,false,https://marclaliberte.photos/blog/2025/04/05/blackbird/,page,blog
content/en/blog/blackbird.md,,Red-winged Blackbird,2025-04-05T13:30:23-04:00,0001-01-01T00:00:00Z,2025-04-05T13:30:23-04:00,false,https://marclaliberte.photos/en/blog/2025/04/05/blackbird/,page,blog
content/fr/photos.md,,Photos,2025-04-04T12:16:44-04:00,0001-01-01T00:00:00Z,2025-04-04T12:16:44-04:00,false,https://marclaliberte.photos/photos/,page,
content/en/photos.md,,Photos,2025-04-04T12:16:44-04:00,0001-01-01T00:00:00Z,2025-04-04T12:16:44-04:00,false,https://marclaliberte.photos/en/photos/,page,
content/fr/blog/winterLiminal.md,,Hivernal Liminal,2025-03-21T13:49:35-04:00,0001-01-01T00:00:00Z,2025-03-21T13:49:35-04:00,false,https://marclaliberte.photos/blog/2025/03/21/winterliminal/,page,blog
content/en/blog/winterLiminal.md,,Liminal Winter,2025-03-21T13:49:35-04:00,0001-01-01T00:00:00Z,2025-03-21T13:49:35-04:00,false,https://marclaliberte.photos/en/blog/2025/03/21/winterliminal/,page,blog
content/fr/blog/winterOrleans.md,,Hiver à Ste-Pétronille,2025-03-07T13:57:22-04:00,0001-01-01T00:00:00Z,2025-03-07T13:57:22-04:00,false,https://marclaliberte.photos/blog/2025/03/07/winterorleans/,page,blog
content/en/blog/winterOrleans.md,,Winter in Ste-Pétronille,2025-03-07T13:57:22-04:00,0001-01-01T00:00:00Z,2025-03-07T13:57:22-04:00,false,https://marclaliberte.photos/en/blog/2025/03/07/winterorleans/,page,blog
content/en/blog/sonumMotherRockers.md,,The Mother Rockers at Sonum Fest,2025-03-02T14:02:19-04:00,0001-01-01T00:00:00Z,2025-03-02T14:02:19-04:00,false,https://marclaliberte.photos/en/blog/2025/03/02/sonummotherrockers/,page,blog
content/fr/blog/sonumMotherRockers.md,,The Mother Rockers au Sonum Fest,2025-03-02T14:02:19-04:00,0001-01-01T00:00:00Z,2025-03-02T14:02:19-04:00,false,https://marclaliberte.photos/blog/2025/03/02/sonummotherrockers/,page,blog
content/en/blog/sonumGuitBassDrom.md,,Guitbassdrom at Sonum Fest,2025-03-02T13:02:19-04:00,0001-01-01T00:00:00Z,2025-03-02T13:02:19-04:00,false,https://marclaliberte.photos/en/blog/2025/03/02/sonumguitbassdrom/,page,blog
content/fr/blog/sonumGuitBassDrom.md,,Guitbassdrom au Sonum Fest,2025-03-02T13:02:19-04:00,0001-01-01T00:00:00Z,2025-03-02T13:02:19-04:00,false,https://marclaliberte.photos/blog/2025/03/02/sonumguitbassdrom/,page,blog
content/en/blog/sonumDiamonCobra.md,,Diamond Cobra at Sonum Fest,2025-03-02T12:02:19-04:00,0001-01-01T00:00:00Z,2025-03-02T12:02:19-04:00,false,https://marclaliberte.photos/en/blog/2025/03/02/sonumdiamoncobra/,page,blog
content/fr/blog/sonumDiamonCobra.md,,Diamond Cobra au Sonum Fest,2025-03-02T12:02:19-04:00,0001-01-01T00:00:00Z,2025-03-02T12:02:19-04:00,false,https://marclaliberte.photos/blog/2025/03/02/sonumdiamoncobra/,page,blog
content/en/contact.md,,Contact me,0001-01-01T00:00:00Z,0001-01-01T00:00:00Z,0001-01-01T00:00:00Z,false,https://marclaliberte.photos/en/contact/,page,
content/fr/contact.md,,Contactez-moi,0001-01-01T00:00:00Z,0001-01-01T00:00:00Z,0001-01-01T00:00:00Z,false,https://marclaliberte.photos/contact/,page,
content/en/restoration.md,,Old Photo Restoration Service,0001-01-01T00:00:00Z,0001-01-01T00:00:00Z,0001-01-01T00:00:00Z,false,https://marclaliberte.photos/en/restoration/,page,
content/fr/smsPrices.md,,Partenariat avec SMS Studio,0001-01-01T00:00:00Z,0001-01-01T00:00:00Z,0001-01-01T00:00:00Z,false,https://marclaliberte.photos/smsprices/,page,
content/en/smsPrices.md,,Partnership with SMS Studio,0001-01-01T00:00:00Z,0001-01-01T00:00:00Z,0001-01-01T00:00:00Z,false,https://marclaliberte.photos/en/smsprices/,page,
content/fr/photos/wildlife.md,,Portfolio | Animalière,0001-01-01T00:00:00Z,0001-01-01T00:00:00Z,0001-01-01T00:00:00Z,false,https://marclaliberte.photos/photos/wildlife/,page,photos
content/en/photos/wildlife.md,,Portfolio | Wildlife,0001-01-01T00:00:00Z,0001-01-01T00:00:00Z,0001-01-01T00:00:00Z,false,https://marclaliberte.photos/en/photos/wildlife/,page,photos
content/fr/photos/events.md,,Portolio | Évènements,0001-01-01T00:00:00Z,0001-01-01T00:00:00Z,0001-01-01T00:00:00Z,false,https://marclaliberte.photos/photos/events/,page,photos
content/en/photos/events.md,,Portolio | Events,0001-01-01T00:00:00Z,0001-01-01T00:00:00Z,0001-01-01T00:00:00Z,false,https://marclaliberte.photos/en/photos/events/,page,photos
content/fr/photos/portraits.md,,Portolio | Portraits,0001-01-01T00:00:00Z,0001-01-01T00:00:00Z,0001-01-01T00:00:00Z,false,https://marclaliberte.photos/photos/portraits/,page,photos
content/en/photos/portraits.md,,Portolio | Portraits,0001-01-01T00:00:00Z,0001-01-01T00:00:00Z,0001-01-01T00:00:00Z,false,https://marclaliberte.photos/en/photos/portraits/,page,photos
content/fr/restoration.md,,Service de restauration de photos anciennes,0001-01-01T00:00:00Z,0001-01-01T00:00:00Z,0001-01-01T00:00:00Z,false,https://marclaliberte.photos/restoration/,page,
content/fr/videos.md,,Videos,0001-01-01T00:00:00Z,0001-01-01T00:00:00Z,0001-01-01T00:00:00Z,false,https://marclaliberte.photos/videos/,page,
content/en/videos.md,,Videos,0001-01-01T00:00:00Z,0001-01-01T00:00:00Z,0001-01-01T00:00:00Z,false,https://marclaliberte.photos/en/videos/,page,
